design,hash,length,orig_iptm_h,orig_iptm_m,pI,human_u_iptm_mean,human_u_iptm_sd,human_t_iptm_mean,human_t_iptm_sd,human_delta_iptm,human_min_tag_epi_A,human_seed_fail_rate,human_passes_gate,human_tag_asn420_A,mouse_u_iptm_mean,mouse_u_iptm_sd,mouse_t_iptm_mean,mouse_t_iptm_sd,mouse_delta_iptm,mouse_min_tag_epi_A,mouse_seed_fail_rate,mouse_passes_gate,passes_dual_species_tag_gate,proximity_category
ApexEGFR_w1_compact_multitarget_l68_950df0848c888700_candidate3,950df0848c88,68,0.84,0.84,4.9,0.853,0.0,0.836,0.0,-0.017,5.47,0.0,True,29.33,0.864,0.0,0.821,0.0,-0.043,4.82,0.0,True,True,Passer with Tag Proximity (<8A)
ApexEGFR_w3_extended_multitarget_l89_4a8595e98e0f099f_candidate1,4a8595e98e0f,89,0.82,0.74,4.6,0.827,0.0,0.834,0.0,0.007,7.74,0.0,True,29.02,0.775,0.0,0.753,0.0,-0.021,5.93,0.0,True,True,Passer with Tag Proximity (<8A)
ApexEGFR_w3_extended_multitarget_l89_4a8595e98e0f099f_candidate2,4a8595e98e0f,89,0.82,0.75,4.2,0.826,0.0,0.832,0.0,0.007,9.54,0.0,True,29.11,0.78,0.0,0.729,0.0,-0.051,7.75,0.0,True,True,Passer with Tag Proximity (<8A)
ApexEGFR_w1_compact_multitarget_l65_a63fce2f8805844d_candidate3,a63fce2f8805,65,0.8,0.77,4.7,0.816,0.0,0.83,0.0,0.014,14.23,0.0,True,32.41,0.799,0.0,0.746,0.0,-0.053,5.3,0.0,True,True,Passer with Tag Proximity (<8A)
ApexEGFR_w3_extended_multitarget_l89_4a8595e98e0f099f_candidate3,4a8595e98e0f,89,0.82,0.77,4.5,0.818,0.0,0.827,0.0,0.009,7.86,0.0,True,29.23,0.791,0.0,0.755,0.0,-0.036,5.73,0.0,True,True,Passer with Tag Proximity (<8A)
ApexEGFR_w2_midsize_multitarget_l79_89062c7132134293_candidate3,89062c713213,79,0.79,0.67,4.5,0.82,0.0,0.825,0.0,0.005,15.78,0.0,True,23.41,0.7,0.0,0.647,0.0,-0.054,13.7,0.0,True,True,Well-Cleared (>8A)
ApexEGFR_w1_compact_multitarget_l68_950df0848c888700_candidate4,950df0848c88,68,0.84,0.85,4.2,0.851,0.0,0.824,0.0,-0.027,4.93,0.0,True,29.12,0.861,0.0,0.806,0.0,-0.055,4.81,0.0,True,True,Passer with Tag Proximity (<8A)
ApexEGFR_w3_extended_multitarget_l88_63dc2a524cdfdd74_candidate8,63dc2a524cdf,88,0.83,0.79,4.2,0.824,0.0,0.82,0.0,-0.004,12.33,0.0,True,20.52,0.815,0.0,0.768,0.0,-0.047,12.65,0.0,True,True,Well-Cleared (>8A)
ApexEGFR_w2_midsize_multitarget_l79_89062c7132134293_candidate6,89062c713213,79,0.81,0.69,4.7,0.831,0.0,0.816,0.0,-0.015,13.67,0.0,True,22.59,0.727,0.0,0.679,0.0,-0.048,12.59,0.0,True,True,Well-Cleared (>8A)
ApexEGFR_w1_compact_multitarget_l65_a63fce2f8805844d_candidate1,a63fce2f8805,65,0.8,0.76,4.6,0.8,0.0,0.815,0.0,0.015,12.49,0.0,True,32.06,0.778,0.0,0.716,0.0,-0.062,6.1,0.0,True,True,Passer with Tag Proximity (<8A)
ApexEGFR_w3_extended_multitarget_l88_63dc2a524cdfdd74_candidate1,63dc2a524cdf,88,0.78,0.82,4.5,0.847,0.0,0.804,0.0,-0.042,14.25,0.0,True,17.44,0.844,0.0,0.799,0.0,-0.045,11.52,0.0,True,True,Well-Cleared (>8A)
ApexEGFR_w2_midsize_multitarget_l79_89062c7132134293_candidate4,89062c713213,79,0.8,0.65,4.5,0.807,0.0,0.803,0.0,-0.004,14.45,0.0,True,24.84,0.675,0.0,0.649,0.0,-0.026,9.04,0.0,True,True,Well-Cleared (>8A)
ApexEGFR_w2_midsize_multitarget_l75_d62b48abe802a85e_candidate3,d62b48abe802,75,0.79,0.81,4.6,0.811,0.0,0.743,0.0,-0.068,4.43,0.0,True,5.07,0.822,0.0,0.788,0.0,-0.034,4.68,0.0,True,True,Passer with Tag Proximity (<8A)
ApexEGFR_w3_extended_multitarget_l83_ea57dda1ba0ca3f6_candidate2,ea57dda1ba0c,83,0.8,0.75,4.8,0.792,0.0,0.741,0.0,-0.052,7.28,0.0,True,26.97,0.754,0.0,0.689,0.0,-0.066,5.35,0.0,True,True,Passer with Tag Proximity (<8A)
ApexEGFR_w3_extended_multitarget_l83_ea57dda1ba0ca3f6_candidate5,ea57dda1ba0c,83,0.79,0.75,4.5,0.786,0.0,0.713,0.0,-0.072,7.31,0.0,True,27.5,0.752,0.0,0.675,0.0,-0.077,5.88,0.0,True,True,Passer with Tag Proximity (<8A)
ApexEGFR_w3_extended_multitarget_l85_427b6045bd04140c_candidate4,427b6045bd04,85,0.66,0.74,4.5,0.626,0.0,0.703,0.0,0.078,4.86,0.0,True,17.53,0.747,0.0,0.731,0.0,-0.016,5.68,0.0,True,True,Passer with Tag Proximity (<8A)
ApexEGFR_w2_midsize_multitarget_l73_200b97a58a43ddc5_candidate3,200b97a58a43,73,0.71,0.76,4.8,0.725,0.0,0.672,0.0,-0.052,9.64,0.0,True,14.97,0.769,0.0,0.689,0.0,-0.08,12.6,0.0,True,True,Well-Cleared (>8A)
ApexEGFR_w3_extended_multitarget_l89_991afb060a84a160_candidate3,991afb060a84,89,0.71,0.81,4.4,0.673,0.0,0.662,0.0,-0.011,21.8,0.0,True,31.69,0.821,0.0,0.735,0.0,-0.086,9.3,0.0,True,True,Well-Cleared (>8A)
ApexEGFR_w1_compact_multitarget_l65_a63fce2f8805844d_candidate4,a63fce2f8805,65,0.79,0.74,4.4,0.798,0.0,0.796,0.0,-0.001,13.94,0.0,True,30.92,0.776,0.0,0.573,0.0,-0.203,7.92,1.0,False,False,Collapsed / Steric Clash
ApexEGFR_w3_extended_multitarget_l91_13e08e225e7ed472_candidate9,13e08e225e7e,91,0.75,0.66,4.4,0.742,0.0,0.666,0.0,-0.076,4.62,0.0,True,9.15,0.63,0.0,0.45,0.0,-0.18,5.35,1.0,False,False,Collapsed / Steric Clash
ApexEGFR_w3_extended_multitarget_l89_991afb060a84a160_candidate1,991afb060a84,89,0.71,0.74,3.9,0.662,0.0,0.637,0.0,-0.025,20.27,0.0,True,29.92,0.777,0.0,0.498,0.0,-0.279,19.72,1.0,False,False,Collapsed / Steric Clash
ApexEGFR_w3_extended_multitarget_l89_991afb060a84a160_candidate2,991afb060a84,89,0.64,0.79,4.1,0.642,0.0,0.612,0.0,-0.031,20.61,0.0,True,30.69,0.819,0.0,0.503,0.0,-0.316,16.72,1.0,False,False,Collapsed / Steric Clash
ApexEGFR_w1_compact_multitarget_l68_950df0848c888700_candidate2,950df0848c88,68,0.84,0.84,5.1,0.851,0.0,0.612,0.0,-0.239,8.26,1.0,False,12.92,0.864,0.0,0.769,0.0,-0.095,7.5,0.0,True,False,Collapsed / Steric Clash
ApexEGFR_w3_extended_multitarget_l83_ea57dda1ba0ca3f6_candidate6,ea57dda1ba0c,83,0.76,0.69,4.8,0.753,0.0,0.585,0.0,-0.168,7.84,1.0,False,27.97,0.681,0.0,0.482,0.0,-0.199,6.65,1.0,False,False,Collapsed / Steric Clash
ApexEGFR_w3_extended_multitarget_l85_b79c4a6bb70a7a25_candidate4,b79c4a6bb70a,85,0.75,0.79,4.6,0.743,0.0,0.567,0.0,-0.176,10.52,1.0,False,29.38,0.797,0.0,0.725,0.0,-0.072,5.74,0.0,True,False,Collapsed / Steric Clash
ApexEGFR_w2_midsize_multitarget_l73_200b97a58a43ddc5_candidate2,200b97a58a43,73,0.68,0.78,5.1,0.729,0.0,0.393,0.0,-0.336,6.51,1.0,False,9.32,0.78,0.0,0.515,0.0,-0.265,8.12,1.0,False,False,Collapsed / Steric Clash
ApexEGFR_w2_midsize_multitarget_l73_200b97a58a43ddc5_candidate4,200b97a58a43,73,0.67,0.73,5.9,0.646,0.0,0.278,0.0,-0.368,7.41,1.0,False,9.77,0.733,0.0,0.316,0.0,-0.417,6.83,1.0,False,False,Collapsed / Steric Clash
ApexEGFR_w2_midsize_multitarget_l75_d62b48abe802a85e_candidate1,d62b48abe802,75,0.78,0.82,4.6,0.79,0.0,0.24,0.0,-0.551,5.39,1.0,False,11.08,0.824,0.0,0.763,0.0,-0.06,4.16,0.0,True,False,Collapsed / Steric Clash
ApexEGFR_w2_midsize_multitarget_l75_d62b48abe802a85e_candidate2,d62b48abe802,75,0.79,0.82,5.2,0.799,0.0,0.177,0.0,-0.621,3.81,1.0,False,9.95,0.819,0.0,0.193,0.0,-0.626,3.51,1.0,False,False,Collapsed / Steric Clash
ApexEGFR_w1_compact_multitarget_l70_6bba72604b8b8430_candidate3,6bba72604b8b,70,0.81,0.84,5.1,0.82,0.0,0.169,0.0,-0.651,9.38,1.0,False,15.12,0.842,0.0,0.152,0.0,-0.69,6.76,1.0,False,False,Collapsed / Steric Clash
ApexEGFR_w1_compact_multitarget_l70_6bba72604b8b8430_candidate9,6bba72604b8b,70,0.73,0.8,4.7,0.772,0.0,0.16,0.0,-0.612,7.07,1.0,False,18.06,0.758,0.0,0.158,0.0,-0.6,7.36,1.0,False,False,Collapsed / Steric Clash
ApexEGFR_w1_compact_multitarget_l70_6bba72604b8b8430_candidate6,6bba72604b8b,70,0.72,0.83,4.4,0.659,0.0,0.156,0.0,-0.503,7.99,1.0,False,16.23,0.832,0.0,0.149,0.0,-0.683,7.48,1.0,False,False,Collapsed / Steric Clash
ApexEGFR_w4_ph_cooperative_multitarget_l82_a04f291094e47d1d_candidate2,a04f291094e4,82,0.86,0.83,11.5,0.86,0.0,0.154,0.0,-0.706,6.62,1.0,False,17.81,0.848,0.0,0.183,0.0,-0.665,6.4,1.0,False,False,Collapsed / Steric Clash
ApexEGFR_w4_ph_cooperative_multitarget_l82_a04f291094e47d1d_candidate3,a04f291094e4,82,0.86,0.83,12.5,0.864,0.0,0.143,0.0,-0.722,8.09,1.0,False,15.46,0.841,0.0,0.148,0.0,-0.693,6.93,1.0,False,False,Collapsed / Steric Clash
