time_ns,target_rmsd_A,binder_rmsd_A,overall_rmsd_A,contacts_count
0.020000000059628115,6.900545170711724e-08,0.0,4.740675094613648e-07,305
0.04000000011925623,0.7402254492290112,0.9857327381119464,0.8119017477302756,248
0.06000000017888434,0.6723481686334344,0.9095798548127214,0.7420120709090818,260
0.08000000023851246,0.7791174662598485,0.9947426451885466,0.8410979697339854,238
0.10000000029814057,0.6710416139713538,1.1271981681561047,0.8158795292283432,271
0.12000000035776869,0.7298114487803238,1.1897393399966558,0.8743093450071363,262
0.1400000004173968,0.8031833616914248,1.0942007663522366,0.88886174871518,283
0.16000000047702492,0.7592183430722677,0.9371878223855257,0.8097394221348955,289
0.18000000053665302,0.736681659595301,1.0961492450095514,0.8459776109887015,271
0.20000000059628115,0.7818174382351643,1.2175626758424458,0.9165020838211823,290
0.22000000065590924,0.861512589810053,1.2742848142103929,0.9867449120624043,278
0.24000000071553737,0.9337825621542607,1.3876350269614794,1.0717118003555044,280
0.26000000077516544,1.0141819269827355,1.673375977209942,1.222170870791238,248
0.2800000008347936,0.8013941825276546,1.3780229069316678,0.9859924165315872,258
0.3000000008944217,0.8300494878613187,1.2616224157853044,0.9622821185250504,258
0.32000000095404985,0.9549704919573773,1.5502834909443786,1.141724902773412,232
0.34000000101367794,0.8796009219892486,1.3727867162883123,1.032156939893215,285
0.36000000107330604,0.9712584236263228,1.1245532376804037,1.013752146442935,258
0.3800000011329342,0.9371986934225114,1.291859530999537,1.0420658757321508,271
0.4000000011925623,0.8905970369238958,1.4468360663133868,1.0651389286967468,264
0.4200000012521904,0.9313578150095675,1.366809722525029,1.0630945597900212,248
0.4400000013118185,0.8913254792376707,1.5347804562242437,1.0974162088357629,240
0.4600000013714466,0.9134092334884248,1.4428049461545005,1.0778735272989874,276
0.48000000143107474,0.8620578680855062,1.2119660590034087,0.9662709670334299,271
0.5000000014907029,0.8149980350975657,1.3246460863564733,0.9749471972644412,254
0.5200000015503309,0.7955904007377389,1.1898802517757134,0.9156966757352242,258
0.5400000016099591,0.9044018656278592,1.3341467860449499,1.0346571186003952,278
0.5600000016695872,0.9091030501786895,1.2658904274047105,1.0149915433115928,266
0.5800000017292153,0.9889364555955464,1.2240880436300157,1.0557577613892526,294
0.6000000017888434,0.9109038115079315,1.3381481362965986,1.040205112010085,247
0.6200000018484716,0.9797147498863833,1.3638214779470252,1.0936993159982595,246
0.6400000019080997,0.9206539241823336,1.427434013223535,1.0770454137442724,242
0.6600000019677277,0.8817589026286083,1.516873402102692,1.0851113013996276,255
0.6800000020273559,0.9859250340815255,1.4459335555011625,1.125057471482945,273
0.700000002086984,1.0336018105541844,1.4555611749623512,1.15935074397779,232
0.7200000021466121,0.9548632787245988,1.4710819789721974,1.1138033115303936,236
0.7400000022062402,0.8274997804187513,1.5225901499460233,1.0552891319642685,243
0.7600000022658684,0.9295121429653713,1.6794406859956812,1.1737444012347957,210
0.7800000023254965,0.9629085222063573,1.5779697730854638,1.1565044459883067,252
0.8000000023851246,1.0177617115375268,1.450062990640309,1.1471429105991036,214
0.8200000024447527,0.9499552774417799,1.344985555080424,1.0679109756409246,234
0.8400000025043808,0.9748162959731513,1.4794242623718967,1.1293424255157865,255
0.8600000025640089,1.0040843413136793,1.6093114372658366,1.1930874452306477,248
0.880000002623637,1.074507334251778,1.6243805552228918,1.2426584104645544,234
0.9000000026832652,1.0304705055512904,1.479337809606003,1.1651817831925455,209
0.9200000027428932,1.012907459773474,1.4586731210455859,1.1468402715218757,280
0.9400000028025214,0.9908192018113394,1.6296209154033077,1.192146417608256,243
0.9600000028621495,0.9951561390994463,1.6867779499052005,1.2154556823185143,225
0.9800000029217776,0.9467009298473755,1.482143101804526,1.112514381127412,207
1.0000000029814058,0.9608394594344531,1.4587089362059287,1.1133208544143012,247
1.0200000030410339,0.9886804841063875,1.7064732548569497,1.2187719472642948,196
1.0400000031006618,0.9563663263433662,1.6993397379181086,1.1969442602437155,259
1.06000000316029,0.9056990379980536,1.6894882450790236,1.163758895723878,246
1.0800000032199182,1.0502709329605115,1.5929150739457143,1.2164062829530298,233
1.1000000032795463,1.0079535799976904,1.4109605486056738,1.1277910889063134,241
1.1200000033391744,1.0202855635041779,1.6688384602265958,1.224286352409815,245
1.1400000033988025,1.035456154582421,1.6319206512271471,1.2206073765444232,251
1.1600000034584306,1.0428404193553698,1.6986387273190944,1.2488156261942178,222
1.1800000035180587,1.0375206950548785,1.7332045721572955,1.2579838184005623,197
1.2000000035776868,1.0927352212526862,1.812598973969013,1.3202936679710955,217
1.2200000036373149,1.02926147195487,1.7251504655090182,1.2500491818126025,219
1.2400000036969432,1.0120365511122977,1.643640420316468,1.210206553216065,272
1.2600000037565713,0.9992448091650205,1.8039641202974008,1.2612479167725459,232
1.2800000038161994,1.0816228638191565,1.6885608643335437,1.2693849015550436,249
1.3000000038758273,1.06533789121085,1.8585689686531006,1.3205612235177924,223
1.3200000039354554,1.045166969306729,1.6641312321392703,1.2380050903887454,212
1.3400000039950837,0.9484640628553278,1.7293033525487607,1.203556315295717,196
1.3600000040547118,0.9889400948005536,1.8872006285904563,1.2869742720685968,178
1.3800000041143399,0.9922463287250791,1.9279400145443482,1.3045840963955773,164
1.400000004173968,1.009594517429083,1.9147926380739024,1.3093073612147372,230
1.4200000042335963,1.0025796174316786,1.5673935228781375,1.1773995633591243,234
1.4400000042932242,0.9777161641184671,1.7290477879698465,1.220601169350364,238
1.4600000043528523,0.989815158637529,1.7102788142387406,1.22084974391173,199
1.4800000044124804,0.9804424027342048,1.6222561977229923,1.1831485018838344,220
1.5000000044721085,1.0044312241136855,1.7199273875584982,1.233150032453084,210
1.5200000045317368,1.088962608912014,1.4914172904639518,1.2076804584375223,202
1.5400000045913649,0.9131734459258879,1.444659829059767,1.0783784511529562,213
1.560000004650993,1.018153228979067,1.55415983906335,1.1826375095204213,245
1.5800000047106209,0.9559359325148732,1.7383806602772858,1.211323974254626,204
1.6000000047702492,0.9229187308517478,1.6096389862950338,1.1438495554085795,207
1.6200000048298773,0.9965104605151814,1.6068023501002842,1.187503641835486,181
1.6400000048895054,0.9209699525254121,1.5693411546775335,1.1278777524196384,168
1.6600000049491335,0.9701154485708905,1.51774202815436,1.1396596691767242,200
1.6800000050087616,0.99213585676587,1.3324086771965913,1.0917892899282435,215
1.7000000050683899,0.995097570276247,1.47285275226151,1.140080502534653,225
1.7200000051280178,0.9363038342005175,1.459313435931441,1.098006969599094,219
1.7400000051876459,0.995285014315071,1.6308267184266019,1.1953184472998124,216
1.760000005247274,1.0545433964027988,1.5987012895690544,1.221116176694796,232
1.780000005306902,0.9508368923385624,1.520350574638825,1.1285365264407887,232
1.8000000053665304,0.973046535818733,1.6865001780576434,1.2020795067249292,215
1.8200000054261585,0.943669260267193,1.6039940034910105,1.1542066090728307,196
1.8400000054857863,1.0001479290395088,1.8559247810693802,1.2814079087027237,220
1.8600000055454144,0.9393787730688429,1.6954557323613417,1.1855231428842312,198
1.8800000056050428,1.0666353843601153,1.3527920864828866,1.1486872205307932,182
1.9000000056646709,1.0993710394468896,1.7283413757272887,1.2944386494326712,170
1.920000005724299,1.0206036258255187,1.4251317887393673,1.1407842116512794,218
1.940000005783927,0.9737062746437004,1.527038868228379,1.145165215143653,183
1.9600000058435552,0.8678898143660039,1.4675171434630991,1.0587248531821742,191
1.9800000059031833,0.9983704238674402,1.5467758089708208,1.167561864638104,187
2.0000000059628116,0.9283552486792749,1.4248681851324836,1.081021247149611,205
2.0200000060224395,0.9378454554819369,1.4137532215408877,1.083228400661333,189
2.0400000060820678,0.9933403881288684,1.2557775105063291,1.0685011551370034,181
2.0600000061416956,0.9305360745631226,1.398205405619891,1.0732352325097685,210
2.0800000062013235,0.952566756827045,1.7711821756572812,1.2217971167022594,185
2.100000006260952,0.9469897880153041,1.6666062333360643,1.1792314729840616,193
2.12000000632058,0.8867089209014222,1.6042819845018197,1.1205129797337325,164
2.140000006380208,0.9431592565858213,1.7676822668180086,1.2150655808214528,157
2.1600000064398364,0.9358576735050974,1.8002577421513195,1.2234302984956384,162
2.1800000064994642,0.8833109437140533,1.7617225367763554,1.17908878897624,172
2.2000000065590926,1.0496848098416776,1.4186732124464514,1.1580009671626774,178
2.220000006618721,1.0125743697381309,1.6404375748158286,1.2093970875241902,200
2.2400000066783488,0.9689666363256827,1.5434714868044448,1.1479811090932335,218
2.260000006737977,0.9955411351743648,1.574038521962125,1.1753206783840897,198
2.280000006797605,0.958879809267063,1.780184298082403,1.2288534045498274,173
2.3000000068572333,1.0371474564208252,1.8798045881964638,1.3118749904637723,194
2.320000006916861,0.9763283613957136,1.7283757752539364,1.2195315891733953,178
2.340000006976489,0.8380289791475644,1.6337285121474276,1.103932241221517,189
2.3600000070361173,0.9773777452293254,1.6072843323096735,1.1758916946410412,169
2.3800000070957457,0.9439675317641544,1.789214500134459,1.2237717825554948,191
2.4000000071553735,1.0163844725697375,1.6056159537294226,1.199443875742465,207
2.420000007215002,0.9982293330012739,1.687433635141046,1.2175511621678394,160
2.4400000072746297,0.9263905558109495,1.6067678819787141,1.1448591370119074,207
2.460000007334258,0.946842969708187,1.993456704259318,1.3055522436236988,192
2.4800000073938864,0.9754535677260074,1.5748517077393371,1.1631223045129797,232
2.5000000074535143,1.0205539860913173,2.074297147884753,1.377587657089689,219
2.5200000075131426,1.0974477515628303,1.7496427347335148,1.3007331118355683,194
2.5400000075727704,0.9403974368394616,1.705867588809427,1.1900314160207355,200
2.5600000076323988,0.9978635479538972,1.500133875650929,1.1511486570781722,213
2.580000007692027,0.9921082070152611,1.4494185420338719,1.1302313857546828,217
2.6000000077516545,0.971971930759445,1.5103878192354134,1.1382602020880568,214
2.620000007811283,1.0047890214926947,1.651643223792056,1.2086123855581183,191
2.6400000078709107,0.9930788305007926,1.65001532984495,1.2008664079098172,212
2.660000007930539,1.0273326920423926,1.6737226849449744,1.2303677368531687,198
2.6800000079901674,0.9952113383649295,1.4820331003217286,1.1432727316406435,214
2.7000000080497952,0.9806779907523926,1.4507733446839082,1.1233101741150466,208
2.7200000081094236,1.0441370059075152,1.5658439044116046,1.2032122007240855,225
2.7400000081690514,0.9529862450649481,1.4837482614341637,1.1170242619757358,198
2.7600000082286797,0.9058365484397031,1.748338372293981,1.1864384694124273,222
2.780000008288308,0.9188794575033989,1.7168450795747894,1.1817511076426737,195
2.800000008347936,1.0064738896872292,1.484710241720853,1.151426451766489,243
2.8200000084075643,1.1305285307154649,1.9012943114751228,1.375363345802575,201
2.8400000084671926,1.1012952431873237,1.9336103757430882,1.369688831326339,200
2.8600000085268205,1.2700099212742553,1.9516345845131866,1.4796853293573509,184
2.8800000085864483,1.1718530750110125,1.7475141728458983,1.3470224629019425,209
2.900000008646076,1.1563288782977859,1.6594202053565237,1.307293795771577,220
2.9200000087057045,0.9896637193452209,1.8185336866281976,1.2611700298329802,197
2.940000008765333,0.938378572022732,1.45283457494327,1.0970572206607903,193
2.9600000088249607,0.9412729311971003,1.6421112371228608,1.1667678699254898,170
2.980000008884589,1.03406336147131,1.7972128134106464,1.2792855115349464,209
3.000000008944217,1.0790579997999674,1.6762720066485046,1.2634852663520022,208
3.0200000090038452,0.9921728087781547,2.090426583415845,1.3686702803100161,190
3.0400000090634736,1.0133962601308524,1.6433193937589894,1.2109308893601334,188
3.0600000091231014,1.0476891865348144,1.841912240028015,1.3039162395235218,206
3.0800000091827298,1.0191074748424334,1.9873324054810808,1.3426967476161984,200
3.1000000092423576,1.0845429581272679,1.9980581134997435,1.3840412606418182,172
3.120000009301986,0.9459787510247852,1.8135654265378907,1.2342827427739949,202
3.140000009361614,0.9207908686776151,1.7479284307435632,1.1947403038245017,189
3.1600000094212417,0.9537001718887664,1.80743959699445,1.236304131225209,201
3.18000000948087,0.9536345537244724,1.6710085469522633,1.1848029704008725,181
3.2000000095404983,0.9008636272898842,1.443447899865644,1.070286559374429,229
3.2200000096001262,0.8430035783137482,1.4205766312921089,1.026599336377635,181
3.2400000096597545,0.83624356175852,1.5323473614074945,1.06404371482373,205
3.2600000097193824,0.8976979978186156,1.4084107765711515,1.0559735358116629,181
3.2800000097790107,0.9963930753703479,1.5861746362815232,1.180126896171292,205
3.300000009838639,0.9748460991122888,1.6939554817352296,1.2059008586769777,173
3.320000009898267,1.0061011335703742,1.6194187086913645,1.1979211222949895,188
3.3400000099578953,1.0832263680877858,1.8774299350750379,1.3381802014080084,177
3.360000010017523,0.9695448571118529,1.6023970380040025,1.1693402405014384,174
3.3800000100771515,0.9581840932154934,1.4876792451864378,1.1216664415894293,166
3.4000000101367798,1.0685135709251343,1.6893212438428502,1.2614381484808355,155
3.420000010196407,1.214084021109058,1.7277342681429304,1.3677455092004007,203
3.4400000102560355,1.103451289407105,1.8079219246497829,1.3251736420502593,162
3.4600000103156634,1.0947399663778832,1.5813669578183083,1.241113747751879,211
3.4800000103752917,1.1397654522726848,1.6495583599192636,1.2932142186676592,166
3.50000001043492,1.0739308351077523,1.579074396443627,1.2268582183316423,220
3.520000010494548,1.0171566729077401,1.8216329276981715,1.278358026897615,220
3.5400000105541762,1.107473072378084,1.8509281116919305,1.3431141483792237,206
3.560000010613804,1.1452642566149627,1.7288084019421,1.3236171958251381,203
3.5800000106734324,1.1568125209874733,1.891025815688125,1.3877090434853874,193
3.6000000107330608,1.0708072201058798,1.8218799406270796,1.3103607126994385,193
3.6200000107926886,1.1289411119951827,1.8094967155549153,1.3414710845261424,185
3.640000010852317,1.2551746855922568,1.863728339070009,1.4400645672985484,218
3.6600000109119453,1.1240688527409968,1.7347802558170595,1.3122201133976126,181
3.6800000109715727,0.9276651755170705,1.672997703904961,1.1702459380763353,196
3.700000011031201,1.0939317744424613,1.7158527941471242,1.2866546155978953,226
3.720000011090829,0.9582496039333243,1.6892163182069517,1.1942899167539176,217
3.740000011150457,1.0123121769831394,2.00074445225105,1.3441348249434333,175
3.7600000112100855,1.0345930770054066,1.7558520833191371,1.2644351263998945,207
3.7800000112697134,1.041088074035032,1.8001896401417092,1.2845750061442425,188
3.8000000113293417,0.9927930601223642,1.7492764198623525,1.2370327481305854,237
3.8200000113889696,1.0350050062373766,1.7874526703098899,1.2762534586960537,211
3.840000011448598,1.0894532318252619,1.7739220716943314,1.304405874738333,242
3.8600000115082262,0.9895028436755979,1.6813712369240568,1.2100734108987419,215
3.880000011567854,1.0236468981711628,1.4649393518770175,1.155933428194411,223
3.9000000116274824,0.9994558069499584,1.5390172145029097,1.1655529792505381,244
3.9200000116871103,1.1080212383068415,1.499906721551519,1.22312621872373,261
3.9400000117467386,0.972918244040852,1.6253945537055448,1.179693824314867,203
3.9600000118063665,0.9560034680234716,1.6390178437148377,1.1744328969052693,205
3.9800000118659944,0.9309508554433032,1.5678437791746136,1.1333603770583807,222
4.000000011925623,1.0460661747807218,1.4005129081694836,1.1497528704565227,204
4.020000011985251,0.9924607962269278,1.4511961230536847,1.1310583044061628,193
4.040000012044879,0.9454446240364074,1.5161568050656935,1.1237038256788006,238
4.060000012104507,1.043367170534853,1.6289995131934014,1.2245447608705387,219
4.0800000121641355,1.092701258353775,1.5441426993728864,1.2274071812140324,204
4.100000012223763,0.9209591051309682,1.603752661648579,1.1405092637945726,208
4.120000012283391,0.8964915184813108,1.5554428584350444,1.1081053719833784,231
4.14000001234302,1.0192342562012122,1.54951243210561,1.1817227782862585,219
4.160000012402647,0.9854631460160146,1.4223674316660442,1.1168420261874454,201
4.180000012462275,0.9418529700399159,1.2033037790136907,1.0170240758758542,220
4.200000012521904,0.9274568787727704,1.3260157673204223,1.04689158273271,240
4.220000012581532,0.8640837677318162,1.1145003883027387,0.9363361756318799,234
4.24000001264116,1.0160836234616009,1.2550047788488101,1.0839222389311611,245
4.260000012700788,0.8896669962392523,1.173728999848975,0.9723144214657844,201
4.280000012760416,1.0072712008291584,1.2029288349156761,1.0621356830703081,221
4.300000012820044,0.8654968390836015,1.1120930140985528,0.9365472541317523,261
4.320000012879673,0.9575895524234944,1.2207104779961444,1.0331790185378829,237
4.340000012939301,1.0038237099225578,1.3807017273851319,1.1151716120799857,206
4.3600000129989285,0.8714236805392886,1.1073786378144082,0.9391299132744478,249
4.380000013058557,0.9822577678679668,1.212434369149441,1.047597670871716,252
4.400000013118185,1.0105909377099684,1.208585609268623,1.066139750462865,191
4.420000013177813,1.0461612730497063,1.1666673805716266,1.0791034857221915,250
4.440000013237442,0.9356703528821338,1.1953607343338364,1.010334333264769,236
4.460000013297069,0.96691626277922,1.2644412020504243,1.0531993238577926,232
4.4800000133566975,1.0671348424589897,1.1557737568094573,1.0911040063500055,221
4.500000013416326,1.024800029774698,1.1887990581932384,1.0702931651775796,220
4.520000013475954,0.9385063828475187,1.0416887154336065,0.9666634579786549,286
4.5400000135355825,0.997448497194841,1.1041403288096425,1.026534520507124,212
4.56000001359521,1.0272297584033192,1.0381295314882073,1.0301026024461417,188
4.580000013654838,0.9981476559404713,1.3034412087978542,1.0866374624515327,213
4.6000000137144665,0.9578391476020578,1.1903956472962147,1.0240220868148109,238
4.620000013774095,0.9226307429051024,1.3737179815189093,1.0598156350668584,223
4.640000013833722,1.0027634769109242,1.1712574040662416,1.049622823260242,239
4.66000001389335,0.9955811139327186,1.3804924165846875,1.1096408617223172,234
4.680000013952978,0.9763725145634433,1.243149362831336,1.0529779490253834,222
4.700000014012606,0.8814884875338223,1.1945538377089107,0.9734793065539272,241
4.720000014072235,1.0109781731464529,1.4041581857204182,1.1275584898322548,212
4.740000014131863,1.0360114889873224,1.2964333035387612,1.1103138782356274,224
4.760000014191491,1.1307895992627015,1.5016354502273381,1.2389476264123618,232
4.780000014251119,1.0784188586012171,1.63233829334882,1.2478838490677036,168
4.800000014310747,0.9773219633774479,1.5974063686279976,1.172317829154669,216
4.820000014370375,0.9331148057674072,1.6637021321497087,1.1699617293449815,183
4.840000014430004,0.9893370670477661,1.5417622694127213,1.1601268116726042,225
4.860000014489632,1.180222204502626,1.5928057209814923,1.3012712161623357,232
4.8800000145492595,1.1215184338323994,1.683682446705407,1.292995647918158,211
4.900000014608888,1.1061165836740743,1.72895951213512,1.2988854754131416,183
4.920000014668516,0.9306708347547301,1.659378121964781,1.1669098340345712,205
4.940000014728144,0.9220554874144422,1.78823331373789,1.2110088528963971,199
4.960000014787773,1.0503645787858753,2.0368107730977614,1.379424723063396,193
4.9800000148474,1.0546460740315504,1.8695902558070079,1.3183149617376408,189
5.0000000149070285,0.9728335269143537,1.6714307899290228,1.196413110536756,213
5.020000014966657,1.0454430058623192,1.6445378642027002,1.231284586495857,224
5.040000015026285,1.054400581620965,1.5020126520846093,1.18835593107015,229
5.0600000150859135,0.9757309501903336,1.5190269877658158,1.1436376651149032,204
5.080000015145541,1.0234836740340405,1.4519836779241735,1.1515266902120678,201
5.100000015205169,1.0462144772298934,1.685790358085936,1.2463232417496612,203
5.1200000152647975,1.1384947675715351,1.6345934116369971,1.2873867659434661,195
5.140000015324426,1.1229955647315073,1.8424797047996746,1.3495536459854678,158
5.160000015384054,1.1004853241040877,1.5253806941009935,1.2263759056026802,183
5.180000015443681,1.0725621670350627,1.435868784561636,1.178837396244921,154
5.200000015503309,1.1511679454067778,1.8596529815678617,1.3730385636836604,159
5.220000015562937,1.1161612761226516,1.7285606653266212,1.3050681361631793,172
5.240000015622566,0.9921934504316268,1.5632978924771401,1.1694546847795586,203
5.260000015682194,0.9879439433533799,1.4707190206598133,1.1347568086925284,193
5.280000015741821,0.9972734446781262,1.60676011490679,1.1879609205853157,225
5.30000001580145,1.028049893278643,1.5290214731547986,1.180345772026303,254
5.320000015861078,0.9642681458851755,1.5851260519675383,1.1599041130513392,208
5.340000015920706,0.9692337979122198,1.6223219804324616,1.1763422772208718,220
5.360000015980335,1.152319849457837,1.4788586606880125,1.246361751999521,232
5.380000016039962,0.8946976969551194,1.4615868940625036,1.0729321882275435,205
5.4000000160995905,1.0012049826679035,1.4162144996007957,1.1250837727938903,196
5.420000016159219,0.919643600101152,1.4991073723588506,1.1016925064269405,225
5.440000016218847,1.0881495211210084,1.5626196443904543,1.2305606719399889,213
5.460000016278475,1.1513830584546192,1.7607416455351104,1.338500012249339,204
5.480000016338103,1.0423197496811383,1.8152017394408584,1.2908429671733233,212
5.500000016397731,0.9999355201587627,1.745718700028032,1.2399523257193497,203
5.5200000164573595,1.0984723646925998,1.7308685426968744,1.2947623999836055,199
5.540000016516988,1.0386239255676664,1.6927217061019368,1.2441060283885408,162
5.560000016576616,1.0894139007745949,1.6043229847020493,1.2453854836798817,154
5.5800000166362445,1.0075143835292206,1.541797175378437,1.1716186496576317,150
5.600000016695872,0.9880607171054029,1.6296382212686162,1.1904631815988396,170
5.6200000167555,1.1457605152468222,1.7968338063547185,1.3475045463938837,171
5.6400000168151285,0.9720306607518708,1.362500096023894,1.088197146860772,187
5.660000016874757,1.073615975163668,1.4172800566387123,1.1736272188065966,193
5.680000016934385,1.032359018142726,1.4519425191203519,1.157340905261493,189
5.700000016994013,1.04524894805899,1.4902230844770608,1.1784554984179691,181
5.720000017053641,1.1479326453646126,1.54348435975717,1.2638263442536644,187
5.740000017113268,0.9629352148768893,1.3243656870601364,1.0697162456055238,214
5.760000017172897,0.9806205426557961,1.4648964682613619,1.128075408395122,175
5.780000017232525,1.070970535884509,1.4380524777349584,1.1784690524491868,177
5.800000017292152,0.8911786423310144,1.465026331276834,1.0720035224928137,163
5.820000017351781,0.9442458713340902,1.4951473316048456,1.1155400828485713,170
5.840000017411409,0.909174715653067,1.4714793425034245,1.0853846964209612,168
5.860000017471037,0.9566087661322561,1.4667997059589855,1.1134248724154785,165
5.880000017530666,1.1128862135281903,1.5964770533778072,1.257979711656633,153
5.900000017590293,0.9848128468117152,1.3346453813365422,1.0876092094843142,176
5.9200000176499215,0.9116902270111734,1.4677403193198355,1.085611670495733,207
5.94000001770955,1.0374047780013225,1.6808721028799936,1.2391280019949467,183
5.960000017769178,1.074723526270852,1.613531750470037,1.2390801951302433,198
5.980000017828806,1.0920613384004128,1.5151067620049854,1.2174463231693002,193
6.000000017888434,1.1038433379330246,1.7343650846126135,1.2993513646928276,181
6.020000017948062,1.0686716911477268,1.6509775230646626,1.24813798687694,191
6.0400000180076905,1.0834407393472911,1.665803024095149,1.2626157195419068,199
6.060000018067319,1.0981989851777951,1.9345449321532042,1.368201185273431,181
6.080000018126947,1.1066744893156752,1.7217202960520084,1.2967096526992312,172
6.100000018186575,1.0295815711520944,1.6969571881774455,1.2400717793569425,172
6.120000018246203,1.1119213606069838,1.7631926614723081,1.314528692624671,141
6.140000018305831,1.0551053061383573,1.6830428884189148,1.2508672393644003,173
6.1600000183654595,1.0757616546421496,1.791741015106824,1.3024185756031226,159
6.180000018425088,1.156652406177097,1.8776795869851715,1.3828439703387088,187
6.200000018484715,1.0209755124754432,1.6966336806729632,1.2346966280228826,184
6.220000018544344,1.0692911507802199,1.588107026373978,1.2269309108015984,175
6.240000018603972,1.0467411121132166,1.645275217442504,1.232356245891526,174
6.2600000186636,0.9796221543290466,1.4141163277937838,1.1102823664154124,179
6.280000018723228,1.1304452536809317,1.6054258224554365,1.2724325265994971,223
6.300000018782855,0.9960363974236347,1.575594450532259,1.1761771684801339,150
6.320000018842483,1.067876177977439,1.6140817860793486,1.234895318206002,194
6.340000018902112,1.0554548313752405,1.594731714672779,1.220333828414323,168
6.36000001896174,1.0661447934855999,1.6996751758767097,1.2636098843360057,230
6.380000019021368,1.1611727988132319,1.7583669947378746,1.3439061831920918,198
6.400000019080997,1.1123051243873263,1.650546645563097,1.2757951291356888,186
6.420000019140624,1.0453679890876229,1.733367814242368,1.262824641533197,192
6.4400000192002524,1.0652985265017298,1.9287594130944365,1.346705375694794,188
6.460000019259881,1.0194842578840038,1.7211228245347008,1.2426608723482155,182
6.480000019319509,1.0780358940087411,1.6238536662236083,1.2447294788989351,180
6.500000019379137,1.1029696086791032,1.6913609814654231,1.2838276343964607,189
6.520000019438765,1.1190448064057406,1.743959111128698,1.3122479377693987,165
6.540000019498393,1.2477361247439396,1.6703144098215104,1.3713479599776148,198
6.5600000195580215,0.9643408615163083,1.626210414243206,1.174785167292954,154
6.58000001961765,1.0379098956058286,1.9196540165073404,1.327378679562349,177
6.600000019677278,1.0624508999187374,1.6391165850246612,1.2400911683582905,200
6.6200000197369055,1.1833762570020017,1.7816548915425858,1.3660590875482268,190
6.640000019796534,1.2342405954617894,1.9237712713633262,1.4474324153321627,196
6.660000019856162,1.2614506744975214,1.9047238594024511,1.458078812214367,192
6.6800000199157905,1.3197672778745817,1.8389726436450413,1.473897516389509,191
6.700000019975419,1.3133068864469442,2.044003418439622,1.539107373603478,232
6.720000020035046,1.2415461398761944,1.7897445063349788,1.4063166032324865,187
6.740000020094675,1.2360212669243982,2.1188927332571783,1.5183562242332906,205
6.760000020154303,1.1411168606378947,1.9685749815232405,1.4063145285105692,202
6.780000020213931,1.1932240811572261,2.0697069589035175,1.4746682104279116,203
6.8000000202735595,1.2137364220335287,1.9349967509339367,1.4385471461688046,220
6.820000020333186,1.1940856749565594,1.9868908443447768,1.4449775527345898,207
6.840000020392814,1.1367846486288338,2.0007940259600074,1.4156344451826846,208
6.860000020452443,1.1816846459177246,2.1408099074195888,1.4943351402504716,238
6.880000020512071,1.2041540685904677,2.2884737995611135,1.5634224375320258,213
6.900000020571699,1.014225137151131,2.189778142388384,1.4203993430554174,226
6.920000020631327,1.0457868180912497,1.9223578237269205,1.3329536740119663,227
6.940000020690955,1.0600627255061772,1.9948099887654709,1.3687398447859958,181
6.960000020750583,1.0516883821128125,2.1527115516760187,1.4256051850857856,204
6.980000020810212,1.1184658959864116,1.882898495055788,1.3613748549519424,209
7.00000002086984,1.0801805870343644,2.0398376299596723,1.397461393778749,210
7.0200000209294675,1.0546449524920054,2.1526269465803356,1.4271814689587559,199
7.040000020989096,1.1590543982888473,1.9599591818659463,1.4139524566986328,183
7.060000021048724,1.0886259037505424,1.8819238943973495,1.3430597469892054,170
7.0800000211083525,1.2823783309052215,1.7850487395613934,1.431544190328833,172
7.100000021167981,1.1310086376711628,1.6805495710302654,1.2980121430576623,209
7.120000021227608,1.175119019356048,1.847184061354887,1.3835420272759706,192
7.1400000212872365,1.1856057854446247,2.068102976604176,1.4695371888415938,198
7.160000021346865,1.2523993930591197,2.1703580034451213,1.5470674987931115,190
7.180000021406493,1.2188391647797852,1.946619692052627,1.445827448411568,177
7.2000000214661215,0.9985543745706028,1.7680981665433109,1.2474340630190892,203
7.220000021525749,1.1303544859793477,2.198020054565294,1.4868389618539337,190
7.240000021585377,1.2047026224110418,2.24579367102391,1.5474027355886806,164
7.260000021645006,1.303798928871335,1.8754428398758096,1.4754815572436093,173
7.280000021704634,1.134276852634718,1.915548499365003,1.382811843578795,148
7.300000021764262,1.2507330964780028,1.9511347074107908,1.4673523077408526,198
7.3200000218238905,1.1748797648500955,2.150121597413433,1.493888588048851,168
7.340000021883518,1.158828299612381,1.8404581707756047,1.3709987794750047,198
7.360000021943145,1.085115677101753,2.0084669697910185,1.3883211237613562,172
7.380000022002774,1.0304515526687619,1.8943218437161058,1.313465275219648,185
7.400000022062402,1.2077254418831322,1.8897255147397836,1.4188813237962519,163
7.42000002212203,1.1300779273954928,2.0132675271263194,1.4163174464075596,198
7.440000022181658,1.1797810252649186,1.8762474802178768,1.3966735380325368,178
7.460000022241286,1.2299232041223958,1.823496416412376,1.4101636377432938,208
7.480000022300914,1.3631194261726327,1.7739990691186995,1.4820639524711037,214
7.500000022360543,1.307128950629936,1.7023422886631951,1.421568150337508,204
7.520000022420171,1.226307546629352,1.6824856508784305,1.3609603536025592,187
7.5400000224797985,1.0910509501481183,1.3915523809503478,1.1773954543017637,190
7.560000022539427,1.1887177093617183,1.4779492681044453,1.2710425511921362,163
7.580000022599055,1.1183737917204044,1.569323858053555,1.2525865072523736,186
7.6000000226586835,1.0222885999777227,1.5883588380829075,1.1971092082778019,192
7.620000022718312,1.0962212285316877,1.6070574918844627,1.250704702447135,211
7.640000022777939,1.1048272314281267,1.7100642129115746,1.2914877925295936,171
7.6600000228375675,1.1914588171335752,1.6276970846106993,1.320023577577691,201
7.680000022897196,1.1682142094195125,1.7261876232081352,1.3374379873035849,230
7.700000022956824,1.222691896485249,1.7122806874679124,1.3682977523898832,175
7.7200000230164525,1.1985594884913877,1.7809639586953572,1.375551410990249,188
7.74000002307608,1.1333217926229358,1.792722688246649,1.33827822690899,162
7.760000023135708,1.1295698464563846,1.7202576203958162,1.3106832305149838,205
7.780000023195337,1.0897508013771127,1.8133286056061058,1.3187369259115933,195
7.800000023254965,1.1247468028204968,1.7035020059402775,1.3018492278510223,188
7.820000023314593,1.1152281039586582,1.6357970845026402,1.2726856462967266,193
7.840000023374221,1.0405264295160646,1.7339728874197449,1.2600911271253834,191
7.860000023433849,1.187052252728314,1.8500807876335006,1.3920447472068604,253
7.880000023493477,1.1507584184064357,1.7298405268111725,1.3274799635462229,204
7.900000023553106,1.0963004049458636,1.7314616997376349,1.2936125710290405,202
7.920000023612733,1.0919070878871646,1.6757619503819103,1.2714234093929975,214
7.9400000236723605,1.1254054041883992,1.7574165979770828,1.3209444162259805,196
7.960000023731989,0.9431131683520242,1.4518691016155907,1.0997124594301269,201
7.980000023791617,0.9161537719390614,1.325952411326041,1.0395045976195936,219
8.000000023851246,0.9965171884566604,1.5214671432896818,1.1576212186999555,220
8.020000023910875,1.0547583003399537,1.6878687738846125,1.2523577496586864,197
8.040000023970501,1.0143522060469663,1.6915970230447823,1.2288426881440162,164
8.06000002403013,1.1360833565886126,1.859773184669201,1.36378471116932,197
8.080000024089758,1.1694707346711215,1.6413925332456778,1.3099368688221897,185
8.100000024149386,1.0199666951688309,1.5140120635903225,1.1700496987924094,189
8.120000024209014,1.0843849728021357,1.6813180618413606,1.2685984018521086,185
8.140000024268643,1.008800276660546,1.6507983040831395,1.2107715563422379,224
8.160000024328271,1.0726183290247966,1.7262947494336913,1.277052795191993,177
8.180000024387898,1.1221330100929772,1.7287773728845497,1.3089143215896963,192
8.200000024447526,0.973623741440192,1.7904633748178505,1.2412610619812081,215
8.220000024507154,1.011207138884439,1.4221506948032556,1.1336141089020406,181
8.240000024566783,1.0958254522883961,1.4515192997989972,1.1994671858521886,156
8.260000024626411,1.1842385320063218,1.5140501804586266,1.2790893725913661,206
8.28000002468604,1.0586266867900522,1.638796602570256,1.237565802179499,190
8.300000024745666,1.102731519483945,1.847565676686146,1.3390153653487595,175
8.320000024805294,1.1502593509748265,1.7238244032802994,1.3251040684638746,210
8.340000024864922,1.2584488788006691,1.9065978787102174,1.4568084722319188,203
8.36000002492455,1.1352518711148274,1.6617482347856618,1.2943832530210277,178
8.380000024984179,1.2645351438808872,1.6848263677169666,1.3872640613642238,194
8.400000025043807,1.1508449745901441,1.6411466402462338,1.2976329757242968,178
8.420000025103436,1.21813290842344,1.6336687047581477,1.3397663525984642,193
8.440000025163064,1.1194258162163488,1.574494593374293,1.2549808814542973,198
8.460000025222692,1.2307933777025386,1.5144286476674331,1.3112145304055618,184
8.48000002528232,1.3349907664159522,1.7929004204054564,1.469097067368152,188
8.500000025341947,1.158853809688294,1.56196278585818,1.2770674437103873,192
8.520000025401576,1.1467753291954486,1.8594480021469741,1.3702522929623702,190
8.540000025461204,1.1832216931595927,1.7100940066857462,1.341731790334506,182
8.560000025520832,1.172129004927661,1.7526947990134845,1.3489652859036303,160
8.58000002558046,1.2487278186731998,1.9881386052289383,1.4790868597590683,168
8.600000025640089,1.2712249977259371,1.9191798474247064,1.4692728962796717,186
8.620000025699717,1.2328967846152867,1.9141675610568374,1.443239024887248,200
8.640000025759345,1.2316082504144263,1.7481098788108926,1.3859755114966108,185
8.660000025818974,1.1612257959042307,1.9374985144463168,1.4071223186184736,188
8.680000025878602,1.2104801888904466,1.8703849805161306,1.4138756019057641,181
8.70000002593823,1.066595326338662,1.7219677424241693,1.2717880548478648,178
8.720000025997857,1.1404268229668895,1.8918351493328762,1.3779625860250528,148
8.740000026057485,1.164119069803286,2.1703468855345287,1.4953540038274824,150
8.760000026117114,1.0930122789598071,1.9927268571597818,1.3869335322911107,165
8.780000026176742,1.0930533767070623,1.950267030661047,1.371019881172069,182
8.80000002623637,1.1642884300963234,2.0227113422105627,1.4400853550356107,162
8.820000026295999,1.084795358081639,1.9438276894002031,1.3637627309040903,161
8.840000026355627,1.245821232895528,1.9842896518616864,1.4759188131703178,166
8.860000026415255,1.1282374771582127,2.02551558838841,1.4198159305383455,146
8.880000026474884,0.9689678261089112,1.986117978728075,1.3145561651750557,163
8.900000026534512,1.1557964196642159,1.908704209899839,1.3934272866956077,139
8.920000026594138,1.2387719423942305,2.153034982176254,1.532553230414917,148
8.940000026653767,1.1344929801229422,2.1088004285320077,1.454894411253708,140
8.960000026713395,1.1237741678344977,2.149478132425623,1.4643581214298518,181
8.980000026773023,1.1352804775930518,1.993179542877519,1.4119191320489026,174
9.000000026832652,1.0745771244212574,1.846659550442647,1.321694668410308,181
9.02000002689228,1.2121655596467293,2.2449516481223317,1.5513748682661312,167
9.040000026951908,1.2041067361884588,2.0747398218859505,1.4830247729663948,138
9.060000027011537,1.2488711815165576,2.1648793127563484,1.542943375679108,142
9.080000027071165,1.1972525013250868,2.0918292228721076,1.485233660161614,161
9.100000027130793,1.078640041246479,1.9779418027972664,1.3730094105896125,162
9.12000002719042,1.1862043464519503,2.026286026447594,1.454522039356051,136
9.140000027250048,1.3340101092941647,2.049222359956747,1.5539880528287604,176
9.160000027309676,1.2465118734669445,1.8238195291130348,1.4209735154145553,163
9.180000027369305,1.1735791484708298,2.0162739479860368,1.4432730360787374,141
9.200000027428933,1.1623672539567067,1.7404978915432459,1.3385497763059468,156
9.220000027488561,1.2119971457558039,1.9103648593983897,1.428789141184446,154
9.24000002754819,1.1496242851569232,1.9415933871430797,1.4015682154027191,149
9.260000027607818,1.194935242214381,1.996065330896106,1.448810097100088,147
9.280000027667445,1.078662895997049,1.785983882231568,1.3021118909951022,153
9.300000027727073,1.024922076312738,1.9611534137580025,1.335837041612265,164
9.3200000277867,1.2586649834664674,2.0156814457481156,1.4949998693250601,192
9.340000027846328,1.0827323996072893,1.902108261089521,1.3470060696659423,162
9.360000027905956,1.17826270386035,2.030846024085265,1.4514280133746182,181
9.380000027965584,1.1717631086337035,1.9022843662315516,1.4009359534611217,198
9.400000028025213,1.1159709563012208,2.017744059977635,1.4097255497505983,172
9.420000028084841,1.0116642375860574,2.022528083975921,1.352309480278724,150
9.44000002814447,1.0368568318324873,1.9863488101198874,1.3523013796791017,135
9.460000028204098,1.1388666690854254,2.0068504558512013,1.4191150229473637,197
9.480000028263726,1.1174764873896006,2.100848294875327,1.4421057635128467,170
9.500000028323354,1.0083056117339224,1.9833579882500978,1.3351183723788729,220
9.520000028382983,1.1020287791494108,1.8496487127018524,1.339343548391491,177
9.54000002844261,1.2349140104065606,2.16289622988527,1.5339022434077003,179
9.560000028502238,1.1568108490752913,2.1364599421923334,1.4782617953031456,149
9.580000028561866,1.2164919189018308,2.0953976016604923,1.4980281271078315,167
9.600000028621494,1.2861932375589278,1.9976756228324746,1.5058932409559018,213
9.620000028681122,1.1435693001367067,2.0750470033113286,1.447373059663241,179
9.64000002874075,1.0692044191512264,2.0846536477346183,1.408556111282111,189
9.66000002880038,1.0813122957187455,1.951629264686393,1.3646481025094974,173
9.680000028860007,1.1790412267425983,1.800644760451884,1.3698269120820359,187
9.700000028919636,1.0621957426068118,2.098077836310879,1.4098781042772732,167
9.720000028979264,1.0736735824467243,1.932583612869679,1.35303447402931,161
9.74000002903889,1.110722626764318,2.117792676293727,1.4447626027483806,163
9.760000029098519,1.1805754712101861,2.2623761450204416,1.5400137950246557,117
9.780000029158147,1.179838105734014,2.0716404749253017,1.4674206111305421,141
9.800000029217776,1.3338040942642209,2.2169193325662975,1.6131663424860578,140
9.820000029277404,1.4336990066140844,2.211522814770034,1.6732920456321614,143
9.840000029337032,1.3327439841070035,2.072178430110531,1.5611628030151614,140
9.86000002939666,1.4431220591681198,2.1131377598588386,1.6456574364027383,159
9.880000029456289,1.2947416068236601,1.8123735530469318,1.4486625498206402,174
9.900000029515917,1.284974200305183,1.853285694808671,1.4558215873335665,204
9.920000029575545,1.2107632393912742,1.7357026246875198,1.3682234045441133,192
9.940000029635172,1.3168274879222839,1.9667653288676485,1.5147103325438727,180
9.9600000296948,1.283187238284431,1.6260519063890027,1.3814684749706443,165
9.980000029754429,1.105722987434727,1.884870391200284,1.3543968034473044,145
10.000000029814057,1.1253901551050305,1.8795910358618118,1.364379620320961,171
